{
  "hash": "1a81bfbc3e68ca1541f0816b08f010eb213dc6ff97087599f0a88e80423eb2d4",
  "createdAt": 1773913179735,
  "dims": 512,
  "vector": [
    -0.024780666193341114,
    0.008777654058290986,
    0.0035296790139913298,
    -0.00577065295371674,
    -0.048364086415544974,
    0.022270482830397776,
    -0.0018221747694332402,
    -0.004089679836777974,
    0.040065147941555836,
    -0.005277677927659219,
    0.047417540548341366,
    -0.040398208813644414,
    -0.08675361256854304,
    -0.024356547797055206,
    0.021928213159220288,
    0.04833984333074449,
    0.020394805345021156,
    -0.02262432371733673,
    -0.023102254487997187,
    -0.02629662945066578,
    -0.033378857937151334,
    -0.050465523839645636,
    -0.0038423108041586184,
    -0.0010719050912810757,
    0.004531755630559702,
    0.0004768898357989538,
    0.03641073978760969,
    0.04068667568134542,
    0.056156963654308806,
    -0.03164344355807761,
    0.00844374935202294,
    -0.06639866682366628,
    -0.03389814934380283,
    -0.016828554733158425,
    -0.02384571865944349,
    0.019724845670719634,
    0.010317911445205823,
    0.032400447359987566,
    0.007044995300285359,
    0.15806719715350717,
    -0.008944273822717223,
    -0.012709156460311531,
    0.007482348653446489,
    -0.049793768026807114,
    0.04104583320215988,
    0.057203439268216666,
    0.06450962038884152,
    0.017273989114586386,
    -0.002481036788033842,
    -0.04158234584473098,
    0.03561632015486146,
    0.0451553471300294,
    -0.031297369454919,
    -0.027359522345055714,
    -0.048306128247158284,
    -0.0013359507159019766,
    0.00434243369592156,
    0.041207090073369965,
    -0.03366236069905558,
    0.036244624090481584,
    0.06897964452445211,
    0.0018413678097480874,
    -0.0044598793824483516,
    -0.02582296570539296,
    0.024577099572081814,
    0.02388171959251772,
    -0.005253392970179696,
    -0.006799003280625209,
    -0.016856737837662637,
    -0.018975241768164168,
    0.009538709540382094,
    -0.017768823686380594,
    -0.0030197563201839234,
    -0.020602860717473283,
    0.021267905735618053,
    -0.0075741566955671346,
    -0.056832305363622625,
    0.004540042831922363,
    0.009099879078619488,
    0.01647183141075201,
    -0.02365862833920434,
    0.006865286535179401,
    -0.04965114888443036,
    0.02162626249129435,
    -0.050728203517658214,
    -0.05194137546317684,
    0.00961095147655704,
    0.008491974714651622,
    0.06390394205624877,
    0.011858529335947802,
    -0.02152856435898909,
    0.03699214951300711,
    -0.4945853200861812,
    0.03374536590768028,
    -0.03902162973515028,
    0.035590427685294315,
    0.019693670065420207,
    -0.0058003183510588795,
    -0.03218860191190141,
    -0.014022633810283488,
    -0.016846219420688403,
    -0.033591271258522716,
    0.009709438410377885,
    0.039550657935433976,
    -0.011688730438214064,
    -0.025411000754500847,
    -0.018819922044054197,
    0.02514981892203555,
    0.00785237153629007,
    0.043210984094684095,
    -0.04076974150565786,
    0.03647219452408972,
    0.039003368461640875,
    -0.0003117607885948801,
    -0.053073363861002615,
    0.009837244195273407,
    0.0036700290559516643,
    0.00006524164673891815,
    0.04445876440760838,
    0.03860747783405015,
    0.0005835906937941446,
    0.04443958751818402,
    0.03206287221431132,
    0.037611051636427334,
    0.0067625549080664055,
    -0.0637936853105316,
    -0.007982848399320768,
    0.00619354268596346,
    0.058773257968957174,
    0.029757571471111317,
    -0.004134054508084878,
    -0.015301017069772941,
    0.0014942415059833708,
    0.07380538065757353,
    0.0072088442897215695,
    -0.0035146542991778165,
    0.0033619538108385005,
    -0.0704814013787479,
    -0.018395846716809588,
    -0.01587303933931756,
    -0.02272967537779522,
    0.0319336938031182,
    -0.06118439051266863,
    0.04212410333944209,
    -0.03406726711262422,
    0.013034338090567504,
    -0.023720847152379952,
    -0.037677984116900314,
    0.015873277016619523,
    0.056283522829731265,
    -0.0424140026515536,
    0.00464914349291068,
    0.04984260512933716,
    -0.005005779480872245,
    -0.010820303836172598,
    -0.025994975480579878,
    0.044826092285071624,
    0.0005629070858024153,
    0.06880708761292577,
    0.04869858930294212,
    -0.07403113900114788,
    -0.03278457216355616,
    0.005602444818999011,
    0.04715828406153696,
    0.05458544771431131,
    -0.036334367211344545,
    0.06699275798900078,
    -0.0066394839262014825,
    -0.028310391067885673,
    -0.034746689214813394,
    -0.08404889591696477,
    -0.000377916904734922,
    0.015683127199298694,
    -0.005918606675402875,
    -0.039386115055888,
    -0.028382198325773468,
    -0.06766132988308278,
    -0.01587408575750608,
    -0.0010441922568411993,
    -0.0830501854650036,
    0.07175771253880611,
    -0.016126736729495456,
    -0.01447519372532138,
    -0.02304112516205139,
    0.006022487607858596,
    0.053822449339912856,
    0.013316610992070307,
    0.0814547550410392,
    -0.025894308774724564,
    -0.013194313259011612,
    0.007230713791801755,
    0.010819620314535738,
    0.05351447060135519,
    0.05180996703273441,
    0.03545402643636093,
    0.05526087875200707,
    0.04549152492458806,
    -0.003196439883926273,
    0.01808073287374392,
    -0.0002640569402139264,
    -0.03965683109797644,
    0.007974052743998365,
    0.026046460531574778,
    0.03203248461295263,
    -0.024125139433322708,
    0.004913811126208998,
    -0.016031313280630483,
    -0.01750092627377251,
    -0.01261174625252308,
    0.014772859821213227,
    -0.02393410271278112,
    0.022668852320587525,
    -0.015126456650251504,
    -0.031242426119423017,
    -0.019233839458151717,
    0.029359843231091975,
    0.011201787869449887,
    0.00975931076504871,
    -0.011438165922003014,
    0.08076829194817302,
    0.005273462345848686,
    -0.0611170688156743,
    0.02326999085719776,
    -0.0291760692270326,
    -0.012439926300147798,
    -0.04009591518853779,
    0.025001631112134225,
    0.025505071516439198,
    0.026891626661017173,
    -0.008161204477500104,
    -0.010953297047819744,
    -0.07199365431792241,
    -0.04948384001534339,
    0.046805931449247225,
    -0.018858478406911978,
    -0.0514837940169538,
    -0.05798497328186907,
    0.02737169014679661,
    0.004490018938032164,
    0.02139366095560299,
    0.002953937852367049,
    -0.0000744495049387573,
    0.04456246827844989,
    0.06133980913605861,
    0.0006441146105888571,
    -0.08169078614853745,
    -0.024962832286525447,
    0.03778010240896227,
    -0.01802598255135893,
    -0.023172535187643496,
    0.02631654967983991,
    0.010990981661378706,
    0.037110551092978214,
    -0.021218395479924046,
    0.049064765482338124,
    -0.003898412218320554,
    0.025643501795762517,
    0.010722751660062839,
    -0.11629914717360688,
    -0.00041500754935689207,
    -0.027477451760722246,
    0.07156066688942893,
    -0.042973498210679854,
    -0.037254452735695776,
    -0.007590056349978823,
    0.05519428444326574,
    0.010097845393256049,
    0.020748375056514914,
    0.012863657075062042,
    -0.05338440847724067,
    -0.011317414686556771,
    0.021546219475621,
    -0.03427281490978312,
    0.014076192555859296,
    -0.013754267423670186,
    -0.0029946482654707473,
    -0.015832029636255594,
    0.009620778396146024,
    -0.03552121414078233,
    0.01367564887665895,
    0.023107721065942395,
    -0.017929447283168653,
    0.023099568255940072,
    -0.015491117437453761,
    -0.016896622960201876,
    -0.02183890710936899,
    0.2258120682155063,
    0.0006915101962946106,
    0.009247521347331067,
    -0.0018670391516911735,
    -0.00031484553390504855,
    -0.002519396748087565,
    0.020463739738339554,
    0.09902443545621654,
    -0.00550504139059669,
    -0.01214084610406674,
    -0.04751885807526515,
    0.012901919132804302,
    -0.0049431435360559346,
    0.0415288987596326,
