{
  "hash": "431a219dd8d2a832d6d97d6468686f686f8db2786af3b1515346460b7cb2101e",
  "createdAt": 1773913244042,
  "dims": 512,
  "vector": [
    -0.02123392815742987,
    0.00021049285711292862,
    0.013264731535704587,
    -0.019721096983292642,
    0.006473638321069976,
    -0.008888256455499347,
    0.025177926146464583,
    0.015459606619354315,
    0.02517089571816784,
    0.017180764430004474,
    0.042670932886677344,
    -0.018265146418291987,
    0.004289028104477848,
    -0.02863889408838311,
    -0.014179752755203844,
    -0.04139818441350158,
    0.023456410924474893,
    0.017452880289599047,
    -0.03579317946977906,
    -0.0763749319714842,
    0.025833705007688727,
    -0.03056559286888863,
    -0.03014011274053362,
    -0.031374804268454924,
    0.039483653681971195,
    0.03412116103314741,
    -0.035748665025266496,
    -0.011865039121889638,
    -0.0003351594717544217,
    0.014842014549451815,
    0.0054345876696918404,
    -0.002042769116983528,
    0.012994666440799772,
    0.010024760930802195,
    -0.04317093127139626,
    -0.0004502469688805633,
    -0.0740047245385756,
    -0.011829472008438664,
    -0.03195944354830012,
    0.014328121296926306,
    -0.032610687167508,
    -0.026327569839007855,
    0.06143935730684877,
    0.0028982950692977272,
    0.015329642753688966,
    -0.0363889667707315,
    0.05813189686595034,
    -0.027698321304655316,
    -0.01331672752320087,
    0.022118834459680103,
    0.02169133703211656,
    0.027820475665620892,
    0.02245053226205612,
    -0.01139974577982522,
    -0.026763298436334664,
    -0.017790872279684754,
    0.03613377775154294,
    0.021369698953398207,
    -0.004904069435401019,
    0.0014390381147515753,
    0.011481947710679475,
    -0.004469389646255949,
    0.006117411659571803,
    0.0004768807231083672,
    -0.040156167961048705,
    -0.005928936077214738,
    -0.01993817952831452,
    -0.024129093869577806,
    -0.0002613291192731211,
    0.01369440823540581,
    0.003044213268484547,
    -0.018781850771240796,
    0.021855980506670675,
    -0.0034814451352281977,
    -0.03076155869525454,
    -0.009080581906817082,
    0.011509060104952567,
    -0.002109213324018537,
    0.03245612483451954,
    -0.022453747625492675,
    -0.021541376872106815,
    -0.05409100158394377,
    0.011570750373051483,
    0.015689926770131434,
    0.006850412788043213,
    -0.005211878573310805,
    0.12069965665509623,
    -0.0478406402684713,
    -0.004821081400392678,
    0.045568591107867276,
    0.03016435245789795,
    -0.011744491104023091,
    -0.625769844821159,
    -0.01633072648195714,
    0.0120449696282695,
    -0.00032388620608366577,
    -0.0017872399211782606,
    -0.006194498056965278,
    0.023776504236579683,
    -0.012659943358920588,
    0.043315518213739766,
    -0.01985446228047018,
    0.05365433327590403,
    -0.000041733680025099025,
    -0.011816183535151955,
    -0.05858998843645412,
    -0.1818056977688967,
    -0.015278613249290597,
    0.01838712809737442,
    -0.053339864841884334,
    0.0135306683288449,
    -0.034081513808224904,
    -0.011085062497416032,
    -0.01859310144124727,
    -0.019753625431047955,
    -0.00689406716968817,
    0.008895956193420687,
    -0.026247440090751348,
    -0.020381546287077206,
    0.02333385230049606,
    0.02673876957721251,
    0.04401415966332297,
    0.007387683017826949,
    0.012080771000089084,
    -0.034150471440227675,
    0.008364048472349207,
    0.0017127737036376689,
    0.03412078086528064,
    0.059193148852231106,
    0.009832179803207863,
    0.001160076221661832,
    -0.05071374553539258,
    0.01443795099046459,
    0.0820125483573555,
    -0.0045231636547699685,
    0.032226348163157593,
    0.017832380185363636,
    -0.02023545205945912,
    -0.034809139041791566,
    -0.041617613558067285,
    -0.0007419549016381321,
    -0.002052386426979333,
    -0.0068064679260211826,
    0.006180170815141198,
    -0.023925123100101742,
    0.0024685845694604625,
    -0.002328366545691506,
    -0.0706196937894251,
    0.003424357374762808,
    0.011342829027968914,
    -0.014717761233503508,
    0.04258424122686131,
    0.0811570903399682,
    -0.04926241989989788,
    0.030084284286126906,
    -0.06658037272365558,
    -0.012371908639214647,
    -0.002083793279131233,
    0.03843127941855106,
    0.02847809378969342,
    0.0016012496527847224,
    -0.036865563413736084,
    0.029435139621901748,
    0.013933385236867438,
    0.006691585614126831,
    -0.03629275752805373,
    0.06749592403637751,
    0.029216735859680917,
    -0.012296282006112413,
    0.0012120261941214248,
    -0.012409687151665284,
    -0.03072822975318821,
    -0.024775906659070875,
    -0.02857552385312646,
    -0.00825836113607754,
    -0.03686915626780091,
    -0.010881022119739011,
    0.013784194782925974,
    0.0035011378976578427,
    -0.028717910105424294,
    0.09907832137799681,
    0.009139557455078643,
    0.038206228073138754,
    0.005238360143262716,
    -0.015335247552485325,
    -0.02417380375250075,
    0.005999497375078037,
    0.011362492006120266,
    0.005176493177422906,
    0.03079183290819422,
    -0.008281300384841284,
    -0.00598205918211884,
    0.018734028598563487,
    -0.014802062119340492,
    0.03853841179430222,
    -0.0019219488574271763,
    -0.03069061990676297,
    0.002659528231058222,
    -0.040426052342354885,
    0.038111143270630296,
    0.022407928027212153,
    -0.01425912350634606,
    0.005052192340491255,
    0.05349543381654819,
    0.016524533115474103,
    -0.0229818248875826,
    -0.013107726222586352,
    -0.016601003078703328,
    -0.052166340181935514,
    0.03483109775195528,
    -0.02278706381854096,
    0.019678804646733734,
    0.015280732283562064,
    -0.021153270993189182,
    -0.015779580794345927,
    -0.026343788549831038,
    -0.023246550230302393,
    -0.027942343562067144,
    -0.03657867856796519,
    0.021794690485727266,
    -0.016182495818017346,
    -0.1738522540184959,
    -0.011882680784974713,
    0.01039064840742177,
    0.028839357675426298,
    0.03710475593289683,
    0.009145336274377395,
    0.016964407416615656,
    0.0435289610530231,
    0.00597496115355001,
    0.001144468172207387,
    -0.02854228325993058,
    0.025020740119747708,
    0.05262894557654756,
    -0.021622779647269302,
    0.022627679779016915,
    -0.0166982952643537,
    0.03618620611305671,
    -0.043208720492800896,
    0.029429359463983746,
    0.0001825493057816439,
    0.0023964878753183435,
    0.0469162701321357,
    0.022492021427065512,
    -0.018610029620272524,
    -0.001175172165589759,
    0.01616178603961313,
    0.044566690821857095,
    -0.02810327772268175,
    0.05001316576513655,
    0.02828965368074646,
    0.01680092318633134,
    -0.018794029529169923,
    0.015505499841693542,
    -0.012926119764906504,
    0.012072309587814955,
    -0.00675994756056371,
    -0.03707339208388831,
    -0.14830035781238513,
    0.02162787175489322,
    -0.012976615160224447,
    0.01830873319966486,
    -0.016729407452943372,
    0.01283093188871586,
    -0.00036710474166745655,
    -0.02753319191131375,
    0.025858560489907687,
    -0.005597189080581314,
    0.027103401428976343,
    0.009198300083590844,
    -0.028716515264166638,
    0.05824983993075797,
    -0.05567274621564854,
    -0.036469998748361966,
    0.005121111152535797,
    -0.011990218762358383,
    0.03139839073962565,
    0.03842441230180271,
    -0.0019835437489045885,
    -0.055003581161932505,
    0.0019958555321216063,
    -0.01794916534452071,
    -0.042693863434415974,
    -0.029927548035477758,
    0.007357602904678402,
    0.0028618571840251534,
    0.0962345158092018,
    -0.021860507716971435,
    0.026287994899524804,
    -0.0351400644608608,
    -0.0014115090752371726,
    -0.007774055384816878,
    -0.013605241468598022,
    0.006714707584418088,
    -0.030493933903240997,
    -0.03791764853539839,
    -0.024683812331965108,
    -0.008430176932568813,
    -0.015150883539152145,
