{
  "hash": "671e2fb92aee380f9b0a2c4c23bd1507ece28c513a48b3cc70e720643d39f1e3",
  "createdAt": 1773913259671,
  "dims": 512,
  "vector": [
    -0.008668932366174095,
    0.019668689103398303,
    -0.023839150808586184,
    0.02015874562091145,
    0.022519664160455134,
    0.02576916521636733,
    -0.0309923940968298,
    -0.024520541644797632,
    0.07139551251139829,
    0.04691243991893161,
    0.036153262438265596,
    -0.04108132402311908,
    0.0017872578557193478,
    0.015892338783290202,
    -0.0013238371418266453,
    -0.02961261594644324,
    0.1079632328182274,
    -0.01862657230923178,
    -0.003325780667275616,
    -0.03143608785616809,
    -0.033109715079290045,
    0.01400245853060618,
    -0.014559972237973576,
    -0.05760664907184276,
    0.0133993242818558,
    -0.009255753606863754,
    -0.05195262495628992,
    0.0022127535124664066,
    0.00395993757193488,
    -0.00653440785878798,
    0.014141354803103502,
    0.04722145428611713,
    0.02557029696737625,
    -0.04893288584869222,
    -0.005939076916308894,
    -0.0277758271199932,
    0.002849741551495629,
    0.0036776394271293487,
    0.01444226353246737,
    0.16254527108924396,
    -0.011691445473210132,
    -0.04076849540670584,
    0.018959167104494176,
    -0.00676567573345047,
    0.04094314847464938,
    0.019837066284182785,
    0.02309949595421285,
    0.037896795593514596,
    -0.012532640026549384,
    0.025968022002550818,
    -0.06786455511061343,
    -0.05106291621907505,
    0.011509633165497118,
    -0.031860312036803784,
    0.016816278329690015,
    -0.02253688989457072,
    0.015029513195590948,
    0.005319019981418757,
    -0.0016287915258465908,
    -0.018526215428724725,
    0.02240697043327238,
    -0.0011892323474764338,
    -0.021406826141971265,
    -0.00714319685381079,
    -0.06911339360982556,
    0.0032937546574893033,
    0.015125193250598646,
    -0.11376838832053583,
    -0.012768087527431736,
    -0.027794909828939413,
    -0.02487885468175365,
    -0.02127675193277037,
    -0.012555922421628755,
    -0.027992029999772034,
    0.05302225392153891,
    -0.01651433078338772,
    0.007982874734419934,
    -0.04849926503152933,
    0.05419448647758386,
    -0.048679597920636926,
    0.0001859832920505867,
    -0.026529705306181428,
    -0.07701275247737407,
    -0.0352562031756795,
    0.016686172597768233,
    0.0013099905180160368,
    0.009678542070847992,
    0.016730307272716523,
    0.030468280145096605,
    -0.016315105754510197,
    0.010579003638013819,
    -0.07228914152881115,
    -0.5400800379220076,
    -0.013326449482561271,
    -0.012757369802329041,
    0.017397323748202007,
    0.010813084199090292,
    0.014602788690048274,
    -0.008117134301244486,
    0.06454615828249363,
    0.023227575634891955,
    -0.01362644548587027,
    -0.03581091136088766,
    0.033257536580352166,
    0.05287159824129856,
    0.0014401271457864196,
    0.11245230899196283,
    -0.02339659330005089,
    -0.019260309388562824,
    0.044744175353810776,
    0.03973381081041467,
    -0.0016211950874311391,
    0.026678567057032927,
    -0.001629415711541492,
    0.025908360954713112,
    0.03285335225309699,
    0.025118026162253903,
    -0.00688602948180956,
    0.02964696138370415,
    0.023819066536826226,
    0.0074415271678909285,
    -0.028666604764016435,
    -0.058188839338263444,
    0.030892011425005653,
    -0.0028620638905554607,
    -0.0055445514373046925,
    -0.035905576957423066,
    0.00603609525410348,
    0.00601350564245822,
    0.05158626789410308,
    -0.004735504686082467,
    -0.019202307582124708,
    -0.00778924068994759,
    0.0766066366670389,
    0.01174324733358951,
    0.03215839375124418,
    -0.02465762822654566,
    0.02882154466859596,
    -0.05644982826061125,
    -0.03101419349117638,
    0.013848427053528675,
    -0.06655452241304757,
    -0.026098792577313193,
    0.04182356087490351,
    -0.06260970034399231,
    -0.0004801612040789048,
    -0.011644636381964491,
    -0.05732321969121255,
    -0.035444058532272275,
    0.01866137912449845,
    -0.05776327687484086,
    0.02373225869489819,
    0.07381728279791877,
    0.018678746710858042,
    -0.0012662165632942965,
    0.039886908068673066,
    -0.00749770997004858,
    0.059170588689074134,
    -0.0009258372679293178,
    0.037888135442375466,
    -0.03934316405893092,
    -0.001829077759958628,
    -0.007652808204658032,
    0.05292103733046212,
    0.010186807258228124,
    -0.006438497831202878,
    0.0854403862958133,
    -0.03708564434246021,
    -0.009663789437471341,
    -0.04145587699273739,
    0.02160406380658175,
    0.017884195038054284,
    -0.0361727176884587,
    -0.024428489568394215,
    0.012503929992073086,
    -0.018552278987497187,
    0.03553688721389035,
    0.004073121692355118,
    0.06999036143639696,
    0.017444948848063423,
    0.004026954876547616,
    -0.02424052818083117,
    0.04132617245908148,
    -0.013538353809491432,
    -0.004666832080410253,
    -0.00429759964458039,
    0.038223411101764485,
    0.03513511580763423,
    -0.0036974428601031922,
    -0.029197662311451187,
    0.026680022833597678,
    0.05099988224010209,
    0.09733897544867369,
    -0.004988745688269169,
    0.05577219865814239,
    -0.01774278411214049,
    0.06060410448147292,
    0.01324439727293482,
    -0.046480813630290496,
    -0.015680229558674257,
    -0.035598127263474465,
    -0.00438873469637609,
    0.027861798176966688,
    0.0149088571156815,
    0.03134746029353412,
    -0.004739908911688671,
    -0.032776574367815864,
    -0.012679153334694557,
    -0.03356547917502742,
    -0.0003433405952883859,
    -0.013125060848749917,
    -0.011681967164178806,
    -0.005591856294978881,
    -0.02815576187777805,
    -0.026290367614971024,
    0.08412467377708338,
    -0.03651618638957729,
    -0.015283299755776695,
    -0.0210322917994153,
    -0.03604793643066547,
    -0.013668362107548645,
    -0.12479328227839362,
    -0.01376460527297952,
    0.03905533869158747,
    0.04008548688177233,
    0.042281282245037986,
    -0.010495218395163878,
    -0.036460485741764165,
    0.012366777499181376,
    0.07510558774368553,
    0.00906305807976337,
    -0.0156363040799646,
    0.001993533585906907,
    0.0335399027855778,
    -0.02595257873501648,
    -0.038965971777863526,
    0.006368318940969941,
    -0.03243877975645752,
    -0.034087759077545174,
    -0.012687789127367545,
    -0.029048579901553455,
    0.002342254760393845,
    -0.05089724999228713,
    0.026713849578814848,
    0.004389543182524378,
    0.027704737652981818,
    0.0300444113114964,
    0.015393524680773358,
    0.01231905496545539,
    0.03859158788465726,
    0.0016837920468644881,
    0.007970100868204624,
    0.04268950434626901,
    -0.0034020635025536696,
    -0.03778011567499017,
    0.009739210412903236,
    0.0005092922280748194,
    -0.01200949754775999,
    -0.056642391965424276,
    -0.02381025736918834,
    0.014984493018755828,
    0.021747145436702732,
    0.0014871311047612015,
    -0.04713306457674078,
    -0.05946397351810187,
    -0.000736163668258144,
    0.02910301964053097,
    0.028511845398656553,
    0.02391443852887977,
    -0.025664718979250236,
    -0.04667115928183361,
    -0.001651949441999719,
    0.04359694318113371,
    -0.01850775027853777,
    0.0013624220268345607,
    0.02375742528897623,
    0.016753818923947825,
    0.011331335641163369,
    -0.005036377952385333,
    -0.05195426986918001,
    -0.004277705225571249,
    -0.004490520129279855,
    -0.06596109286377855,
    -0.03630399549245722,
    -0.026555978061192524,
    -0.008589261554825811,
    0.11290308390069384,
    0.022221542326188157,
    -0.03151831917216324,
    -0.0025180102280367087,
    0.012931524238142141,
    -0.001310788974207678,
    0.01779668080060812,
    -0.0008755349756218374,
    0.019716242560712242,
    0.016026677156916982,
    -0.056894098026031265,
    -0.03673811780745246,
    0.03742788938886788,
    -0.0068967457740613065,
    -0.04496453350134333,
