{
  "hash": "b68d52518c5daf378704f76c01c15a2048b39980f2d07f43288bd728d098f4c5",
  "createdAt": 1773913507669,
  "dims": 512,
  "vector": [
    -0.016311521807451934,
    -0.00830039688251686,
    0.013399404191645398,
    -0.004838977279012463,
    0.029751988829098238,
    0.0077221924117490464,
    -0.005927625875780234,
    0.014314175592291282,
    -0.005688163832602649,
    0.0037901864136271777,
    -0.01698845346768616,
    -0.016711623070384117,
    -0.06811517352217183,
    0.022478264956003597,
    0.01896098047441205,
    0.010893965816674659,
    0.06298636469941889,
    -0.012585844031713561,
    -0.011439969938736725,
    -0.036627649525904686,
    0.07296791605258057,
    0.04192911766373616,
    0.01395294000253891,
    0.007226208048900695,
    0.02567081051159946,
    0.024268740405855308,
    0.0036835888010682736,
    0.024141856374774066,
    -0.008275432096464669,
    -0.04804584034293939,
    -0.025749530365488164,
    -0.008978613176458056,
    -0.010343771189634808,
    -0.04677563941400502,
    -0.07232572702334669,
    0.030556648160460078,
    -0.011570915230276866,
    0.009179878138293919,
    -0.038052520637211734,
    0.04677103774102483,
    -0.03573935052731978,
    0.03671145110384373,
    0.006691027800228117,
    0.015938033553255116,
    0.014929726047939901,
    -0.009316413610343313,
    0.03756694755948104,
    -0.008405141043458747,
    -0.008588984270229373,
    0.018073617433386997,
    -0.004600632987882841,
    -0.028420480549589042,
    0.019165139945363223,
    0.047743646774007706,
    0.023303560802304328,
    -0.01889675589041091,
    -0.04502459774510845,
    0.05030133047040202,
    0.011786724461295915,
    0.006133705551012024,
    0.018260345937521585,
    -0.014307684960958128,
    -0.025129548669191964,
    0.01975036054715637,
    -0.0219961047857332,
    -0.023690646716103686,
    0.008840529610720883,
    0.012957501558604374,
    0.004376420022597212,
    -0.0034979631361525478,
    0.02698122494941062,
    0.01661665817465983,
    0.03899977217964272,
    -0.013365097583362611,
    -0.028078570566083986,
    -0.04328328208132554,
    -0.025464110178623118,
    0.05739297438123372,
    -0.03098007876918622,
    -0.004462093515655966,
    -0.026972620957153238,
    0.02779985689150672,
    0.02233978726549729,
    0.04182403760907211,
    0.03412774239026151,
    0.020055957081662287,
    -0.049338092375173226,
    0.009185993818495353,
    0.047299457507170975,
    -0.002051082286893428,
    -0.039536330089670474,
    0.012630941847188755,
    -0.5606941052085475,
    0.031002984874687556,
    -0.0351286261472226,
    -0.014064046260429784,
    0.009301751458796746,
    0.03145533785025579,
    -0.0029540867552427744,
    -0.04879679928683809,
    -0.03539426482135062,
    -0.027238929998456153,
    0.015574048321870145,
    -0.006322016235300907,
    -0.03300043761005608,
    -0.026097774750688158,
    0.021292621188349452,
    -0.05661188300093147,
    0.03146199891392154,
    0.02975727507194769,
    -0.04370845394038308,
    0.08074949277008493,
    -0.04041399127016232,
    -0.05234808075797487,
    0.009621988130672936,
    0.02105385969307232,
    0.011632583329289018,
    -0.0096891633244322,
    -0.007127566075600579,
    0.0007610441884134213,
    0.0067474110766602554,
    -0.029837733335628905,
    0.024802642412033393,
    -0.03486213531143157,
    -0.058297339467704976,
    0.015906030622001296,
    0.010453143298541483,
    -0.039888153553855055,
    -0.00498794720999441,
    0.03744213996231863,
    0.02073248396510659,
    -0.010204929200017568,
    -0.0034444438330427955,
    0.06564259237052207,
    0.03524134725146485,
    0.009477087981766514,
    -0.037514085130986516,
    0.003396384755788691,
    -0.01217668144976485,
    0.004732491512671827,
    -0.05179953293334876,
    -0.06034109014622408,
    0.015247657622517685,
    0.03364442754093776,
    -0.0036492214762669996,
    -0.031143066049389736,
    0.017241903389494467,
    -0.03117550500336112,
    0.01398648960721107,
    -0.021333870073646777,
    0.016492920040384478,
    0.016052307011993457,
    -0.06976641853871493,
    0.03430082778617153,
    0.032193983058124195,
    -0.040874789167810836,
    0.02177096083383075,
    0.04345418594337829,
    0.01837000636112424,
    -0.004876757156206677,
    -0.04815846770939871,
    0.022877951500259792,
    0.0009715089455360459,
    0.00576158146561072,
    0.043707851746141224,
    -0.06274616873200906,
    0.16875605107302238,
    -0.022147528232169856,
    0.04364780275428876,
    -0.009547936702428012,
    -0.003558328493022395,
    0.025867546234196497,
    -0.016625641378857248,
    -0.0277399129995927,
    0.010520959743952153,
    -0.010404121988742913,
    0.0006574885266908937,
    -0.00597477527045909,
    0.04989292915287225,
    -0.035655188200943405,
    0.006203506822962755,
    0.04670517132555299,
    -0.04336550716018804,
    0.01476548751036122,
    -0.024622060834027886,
    0.04522523068704425,
    0.03371053256167524,
    -0.002733625786745846,
    -0.039844767163053046,
    -0.025415968725741592,
    -0.011830872116516867,
    -0.0037682102295405863,
    -0.056167634082778334,
    0.026318228972905255,
    0.07619491024340305,
    -0.032064735698697576,
    0.01425787185094769,
    0.02238963446197425,
    -0.038082931446425196,
    -0.011031890312234737,
    -0.010215939128703479,
    -0.04025230495676431,
    -0.009244109113507532,
    0.07239687116005136,
    -0.04833502992489375,
    0.019307445262005823,
    -0.04392366452783387,
    0.03188381041548799,
    -0.04798025230027746,
    0.0013751411758255918,
    -0.029051298901699676,
    0.04641882228247528,
    -0.020482515123691626,
    0.033875286657060036,
    0.04025229075406993,
    0.046909252681685054,
    -0.010930799084288227,
    -0.005447248143654937,
    -0.06676119089907057,
    0.0160786373871106,
    -0.05414594871025307,
    -0.07115682823237042,
    0.003851414229113449,
    0.02304553619263517,
    0.05154617390878451,
    -0.019474703292410387,
    -0.004230039242801334,
    0.011580313863284994,
    0.05092754430899359,
    -0.002292348604858727,
    -0.04029528230996808,
    0.007686903687149658,
    -0.012624490983399874,
    0.019509803831309198,
    -0.037697197629131124,
    0.014305938029548985,
    -0.04779908273072448,
    0.0064180200581193305,
    0.014797026013508706,
    0.05481219142269445,
    -0.02706313188791893,
    -0.031664350381877725,
    -0.03372080963133098,
    0.022227979394503883,
    0.022914237964139605,
    -0.07198990147411542,
    0.0353740345034711,
    0.01200400509145307,
    -0.027162371794652584,
    -0.024415692844100115,
    -0.024472185481279003,
    0.02740005672569546,
    0.06646456478633712,
    0.013258703779468108,
    0.00035752595693801096,
    0.012491302376281896,
    -0.024815504372066883,
    0.012521954631299867,
    -0.12422662742704771,
    -0.02327181920062716,
    -0.020231317749212507,
    -0.010388493343843563,
    -0.028419392623199285,
    -0.1412908806746574,
    -0.005666223510319375,
    -0.03201927003343785,
    -0.018600828550241123,
    0.0014914790849593815,
    0.019281359173232072,
    0.001810546520020468,
    -0.01021600588136708,
    0.006099269698210351,
    0.00877567016628081,
    -0.039333339500467045,
    0.0142223977811866,
    0.004059307233350623,
    -0.009653318564347707,
    -0.002349851763742986,
    -0.01250876032821781,
    -0.04627364234048951,
    -0.033369591201927125,
    -0.029319065139446317,
    0.044223386827942864,
    -0.035429072784745136,
    -0.025694034757454978,
    0.013268292018446252,
    0.2055642310472328,
    -0.005436486051986014,
    -0.06544687924192064,
    0.0043508377744067095,
    0.019049468941497567,
    0.005306868002235989,
    0.014859145758202246,
    0.0020795189215876086,
    -0.005001214301885181,
    -0.03654684471648052,
    -0.022421944171426747,
    0.006783774945224458,
    -0.032960576328,
    0.03681435814626714,
